episode,winning_rate
20,0.300000
60,0.400000
280,0.400000
620,0.450000
660,0.450000
700,0.450000
860,0.550000
1140,0.700000
4380,0.750000
14240,0.750000
19380,0.850000
27920,0.850000
29780,0.850000
43760,0.850000
51220,0.850000
51260,0.900000
53660,0.900000
77020,0.900000
98680,0.900000
