episode,winning_rate
20,0.100000
40,0.500000
140,0.600000
160,0.800000
220,0.900000
300,0.900000
320,0.950000
360,0.950000
400,0.950000
460,1.000000
480,1.000000
500,1.000000
520,1.000000
540,1.000000
560,1.000000
580,1.000000
600,1.000000
660,1.000000
1740,1.000000
2360,1.000000
2700,1.000000
2960,1.000000
2980,1.000000
