episode,winning_rate
20,0.050000
40,0.050000
80,0.350000
100,0.350000
140,0.450000
280,0.550000
300,0.600000
360,0.800000
620,0.800000
660,0.900000
700,0.950000
3720,1.000000
