episode,winning_rate
20,0.800000
40,1.000000
60,1.000000
80,1.000000
9160,1.000000
